Date,Percentage change
02/02/2011,-0.00272
03/02/2011,0.00236
04/02/2011,0.00288
07/02/2011,0.00624
08/02/2011,0.00419
09/02/2011,-0.00279
10/02/2011,0.00075
11/02/2011,0.00551
14/02/2011,0.00239
15/02/2011,-0.00323
16/02/2011,0.00626
17/02/2011,0.00307
18/02/2011,0.00193
22/02/2011,-0.02053
23/02/2011,-0.00612
24/02/2011,-0.00099
25/02/2011,0.01055
28/02/2011,0.00556
01/03/2011,-0.01574
02/03/2011,0.00161
03/03/2011,0.01722
04/03/2011,-0.00737
07/03/2011,-0.00834
08/03/2011,0.00892
09/03/2011,-0.00136
10/03/2011,-0.01888
11/03/2011,0.00708
14/03/2011,-0.00605
15/03/2011,-0.01120
16/03/2011,-0.01950
17/03/2011,0.01340
18/03/2011,0.00431
21/03/2011,0.01499
22/03/2011,-0.00355
23/03/2011,0.00292
24/03/2011,0.00934
25/03/2011,0.00316
28/03/2011,-0.00275
29/03/2011,0.00706
30/03/2011,0.00668
31/03/2011,-0.00183
01/04/2011,0.00497
04/04/2011,0.00035
05/04/2011,-0.00018
06/04/2011,0.00218
07/04/2011,-0.00152
08/04/2011,-0.00401
11/04/2011,-0.00279
12/04/2011,-0.00778
13/04/2011,0.00019
14/04/2011,0.00008
15/04/2011,0.00392
18/04/2011,-0.01102
19/04/2011,0.00574
20/04/2011,0.01351
21/04/2011,0.00528
25/04/2011,-0.00160
26/04/2011,0.00898
27/04/2011,0.00625
28/04/2011,0.00356
29/04/2011,0.00230
02/05/2011,-0.00175
03/05/2011,-0.00338
04/05/2011,-0.00685
05/05/2011,-0.00907
06/05/2011,0.00382
09/05/2011,0.00455
10/05/2011,0.00807
11/05/2011,-0.01111
12/05/2011,0.00489
13/05/2011,-0.00806
16/05/2011,-0.00621
17/05/2011,-0.00037
18/05/2011,0.00880
19/05/2011,0.00218
20/05/2011,-0.00769
23/05/2011,-0.01193
24/05/2011,-0.00082
25/05/2011,0.00319
26/05/2011,0.00395
27/05/2011,0.00408
31/05/2011,0.01059
01/06/2011,-0.02279
02/06/2011,-0.00122
03/06/2011,-0.00973
06/06/2011,-0.01076
07/06/2011,-0.00095
08/06/2011,-0.00419
09/06/2011,0.00738
10/06/2011,-0.01398
13/06/2011,0.00067
14/06/2011,0.01261
15/06/2011,-0.01743
16/06/2011,0.00175
17/06/2011,0.00305
20/06/2011,0.00540
21/06/2011,0.01342
22/06/2011,-0.00647
23/06/2011,-0.00283
24/06/2011,-0.01173
27/06/2011,0.00918
28/06/2011,0.01295
29/06/2011,0.00828
30/06/2011,0.01012
01/07/2011,0.01441
05/07/2011,-0.00134
06/07/2011,0.00101
07/07/2011,0.01045
08/07/2011,-0.00696
11/07/2011,-0.01809
12/07/2011,-0.00443
13/07/2011,0.00310
14/07/2011,-0.00672
15/07/2011,0.00556
18/07/2011,-0.00814
19/07/2011,0.01631
20/07/2011,-0.00067
21/07/2011,0.01355
22/07/2011,0.00090
25/07/2011,-0.00564
26/07/2011,-0.00411
27/07/2011,-0.02031
28/07/2011,-0.00323
29/07/2011,-0.00645
01/08/2011,-0.00413
02/08/2011,-0.02556
03/08/2011,0.00502
04/08/2011,-0.04782
05/08/2011,-0.00058
08/08/2011,-0.06663
09/08/2011,0.04741
10/08/2011,-0.04416
11/08/2011,0.04629
12/08/2011,0.00527
15/08/2011,0.02178
16/08/2011,-0.00973
17/08/2011,0.00094
18/08/2011,-0.04459
19/08/2011,-0.01501
22/08/2011,0.00026
23/08/2011,0.03429
24/08/2011,0.01312
25/08/2011,-0.01557
26/08/2011,0.01512
29/08/2011,0.02828
30/08/2011,0.00235
31/08/2011,0.00492
01/09/2011,-0.01187
02/09/2011,-0.02529
06/09/2011,-0.00743
07/09/2011,0.02865
08/09/2011,-0.01062
09/09/2011,-0.02670
12/09/2011,0.00696
13/09/2011,0.00913
14/09/2011,0.01347
15/09/2011,0.01719
16/09/2011,0.00571
19/09/2011,-0.00981
20/09/2011,-0.00166
21/09/2011,-0.02939
22/09/2011,-0.03188
23/09/2011,0.00608
26/09/2011,0.02333
27/09/2011,0.01069
28/09/2011,-0.02069
29/09/2011,0.00811
30/09/2011,-0.02497
03/10/2011,-0.02845
04/10/2011,0.02249
05/10/2011,0.01787
06/10/2011,0.01830
07/10/2011,-0.00816
10/10/2011,0.03412
11/10/2011,0.00054
12/10/2011,0.00980
13/10/2011,-0.00298
14/10/2011,0.01738
17/10/2011,-0.01937
18/10/2011,0.02042
19/10/2011,-0.01265
20/10/2011,0.00455
21/10/2011,0.01881
24/10/2011,0.01288
25/10/2011,-0.02005
26/10/2011,0.01054
27/10/2011,0.03429
28/10/2011,0.00039
31/10/2011,-0.02474
01/11/2011,-0.02794
02/11/2011,0.01611
03/11/2011,0.01878
04/11/2011,-0.00629
07/11/2011,0.00630
08/11/2011,0.01174
09/11/2011,-0.03670
10/11/2011,0.00862
11/11/2011,0.01949
14/11/2011,-0.00955
15/11/2011,0.00482
16/11/2011,-0.01661
17/11/2011,-0.01681
18/11/2011,-0.00039
21/11/2011,-0.01865
22/11/2011,-0.00415
23/11/2011,-0.02209
25/11/2011,-0.00269
28/11/2011,0.02924
29/11/2011,0.00222
30/11/2011,0.04331
01/12/2011,-0.00191
02/12/2011,-0.00025
05/12/2011,0.01029
06/12/2011,0.00111
07/12/2011,0.00202
08/12/2011,-0.02114
09/12/2011,0.01688
12/12/2011,-0.01492
13/12/2011,-0.00868
14/12/2011,-0.01135
15/12/2011,0.00325
16/12/2011,0.00321
19/12/2011,-0.01173
20/12/2011,0.02983
21/12/2011,0.00194
22/12/2011,0.00827
23/12/2011,0.00904
27/12/2011,0.00008
28/12/2011,-0.01248
29/12/2011,0.01070
30/12/2011,-0.00428
03/01/2012,0.01547
04/01/2012,0.00019
05/01/2012,0.00294
06/01/2012,-0.00254
09/01/2012,0.00226
10/01/2012,0.00888
11/01/2012,0.00031
12/01/2012,0.00234
13/01/2012,-0.00495
17/01/2012,0.00355
18/01/2012,0.01111
19/01/2012,0.00494
20/01/2012,0.00067
23/01/2012,0.00047
24/01/2012,-0.00103
25/01/2012,0.00867
26/01/2012,-0.00574
27/01/2012,-0.00159
30/01/2012,-0.00252
31/01/2012,-0.00046
01/02/2012,0.00890
02/02/2012,0.00110
03/02/2012,0.01461
06/02/2012,-0.00042
07/02/2012,0.00202
08/02/2012,0.00216
09/02/2012,0.00147
10/02/2012,-0.00688
13/02/2012,0.00680
14/02/2012,-0.00094
15/02/2012,-0.00538
16/02/2012,0.01103
17/02/2012,0.00234
21/02/2012,0.00072
22/02/2012,-0.00334
23/02/2012,0.00428
24/02/2012,0.00167
27/02/2012,0.00135
28/02/2012,0.00336
29/02/2012,-0.00473
01/03/2012,0.00615
02/03/2012,-0.00324
05/03/2012,-0.00386
06/03/2012,-0.01537
07/03/2012,0.00690
08/03/2012,0.00982
09/03/2012,0.00363
12/03/2012,0.00017
13/03/2012,0.01813
14/03/2012,-0.00120
15/03/2012,0.00597
16/03/2012,0.00112
19/03/2012,0.00397
20/03/2012,-0.00300
21/03/2012,-0.00187
22/03/2012,-0.00721
23/03/2012,0.00310
26/03/2012,0.01389
27/03/2012,-0.00282
28/03/2012,-0.00494
29/03/2012,-0.00161
30/03/2012,0.00370
02/04/2012,0.00751
03/04/2012,-0.00399
04/04/2012,-0.01020
05/04/2012,-0.00063
09/04/2012,-0.01136
10/04/2012,-0.01708
11/04/2012,0.00744
12/04/2012,0.01378
13/04/2012,-0.01247
16/04/2012,-0.00051
17/04/2012,0.01549
18/04/2012,-0.00405
19/04/2012,-0.00594
20/04/2012,0.00117
23/04/2012,-0.00841
24/04/2012,0.00368
25/04/2012,0.01365
26/04/2012,0.00668
27/04/2012,0.00241
30/04/2012,-0.00388
01/05/2012,0.00566
02/05/2012,-0.00250
03/05/2012,-0.00765
04/05/2012,-0.01615
07/05/2012,0.00035
08/05/2012,-0.00428
09/05/2012,-0.00671
10/05/2012,0.00252
11/05/2012,-0.00339
14/05/2012,-0.01112
15/05/2012,-0.00574
16/05/2012,-0.00440
17/05/2012,-0.01505
18/05/2012,-0.00739
21/05/2012,0.01603
22/05/2012,0.00049
23/05/2012,0.00169
24/05/2012,0.00138
25/05/2012,-0.00216
29/05/2012,0.01108
30/05/2012,-0.01433
31/05/2012,-0.00228
01/06/2012,-0.02464
04/06/2012,0.00010
05/06/2012,0.00573
06/06/2012,0.02305
07/06/2012,-0.00011
08/06/2012,0.00811
11/06/2012,-0.01261
12/06/2012,0.01165
13/06/2012,-0.00702
14/06/2012,0.01081
15/06/2012,0.01033
18/06/2012,0.00145
19/06/2012,0.00982
20/06/2012,-0.00169
21/06/2012,-0.02226
22/06/2012,0.00717
25/06/2012,-0.01596
26/06/2012,0.00477
27/06/2012,0.00899
28/06/2012,-0.00211
29/06/2012,0.02492
02/07/2012,0.00246
03/07/2012,0.00623
05/07/2012,-0.00468
06/07/2012,-0.00944
09/07/2012,-0.00164
10/07/2012,-0.00812
11/07/2012,-0.00001
12/07/2012,-0.00499
13/07/2012,0.01650
16/07/2012,-0.00231
17/07/2012,0.00741
18/07/2012,0.00668
19/07/2012,0.00272
20/07/2012,-0.01006
23/07/2012,-0.00891
24/07/2012,-0.00904
25/07/2012,-0.00032
26/07/2012,0.01655
27/07/2012,0.01908
30/07/2012,-0.00048
31/07/2012,-0.00431
01/08/2012,-0.00304
02/08/2012,-0.00737
03/08/2012,0.01904
06/08/2012,0.00233
07/08/2012,0.00511
08/08/2012,0.00062
09/08/2012,0.00041
10/08/2012,0.00219
13/08/2012,-0.00125
14/08/2012,-0.00013
15/08/2012,0.00114
16/08/2012,0.00711
17/08/2012,0.00187
20/08/2012,-0.00002
21/08/2012,-0.00350
22/08/2012,0.00023
23/08/2012,-0.00807
24/08/2012,0.00645
27/08/2012,-0.00049
28/08/2012,-0.00081
29/08/2012,0.00084
30/08/2012,-0.00780
31/08/2012,0.00507
04/09/2012,-0.00116
05/09/2012,-0.00107
06/09/2012,0.02044
07/09/2012,0.00405
10/09/2012,-0.00614
11/09/2012,0.00314
12/09/2012,0.00209
13/09/2012,0.01631
14/09/2012,0.00396
17/09/2012,-0.00313
18/09/2012,-0.00128
19/09/2012,0.00119
20/09/2012,-0.00054
21/09/2012,-0.00008
24/09/2012,-0.00224
25/09/2012,-0.01050
26/09/2012,-0.00574
27/09/2012,0.00965
28/09/2012,-0.00448
01/10/2012,0.00265
02/10/2012,0.00088
03/10/2012,0.00362
04/10/2012,0.00717
05/10/2012,-0.00032
08/10/2012,-0.00346
09/10/2012,-0.00989
10/10/2012,-0.00619
11/10/2012,0.00020
12/10/2012,-0.00297
15/10/2012,0.00808
16/10/2012,0.01027
17/10/2012,0.00412
18/10/2012,-0.00244
19/10/2012,-0.01657
22/10/2012,0.00044
23/10/2012,-0.01444
24/10/2012,-0.00308
25/10/2012,0.00300
26/10/2012,-0.00073
31/10/2012,0.00015
01/11/2012,0.01093
02/11/2012,-0.00938
05/11/2012,0.00216
06/11/2012,0.00786
07/11/2012,-0.02370
08/11/2012,-0.01221
09/11/2012,0.00170
12/11/2012,0.00013
13/11/2012,-0.00399
14/11/2012,-0.01385
15/11/2012,-0.00159
16/11/2012,0.00484
19/11/2012,0.01986
20/11/2012,0.00067
21/11/2012,0.00232
23/11/2012,0.01303
26/11/2012,-0.00203
27/11/2012,-0.00523
28/11/2012,0.00786
29/11/2012,0.00427
30/11/2012,0.00016
03/12/2012,-0.00475
04/12/2012,-0.00171
05/12/2012,0.00158
06/12/2012,0.00331
07/12/2012,0.00292
10/12/2012,0.00033
11/12/2012,0.00655
12/12/2012,0.00045
13/12/2012,-0.00632
14/12/2012,-0.00413
17/12/2012,0.01187
18/12/2012,0.01148
19/12/2012,-0.00759
20/12/2012,0.00549
21/12/2012,-0.00938
24/12/2012,-0.00244
26/12/2012,-0.00479
27/12/2012,-0.00122
28/12/2012,-0.01105
31/12/2012,0.01694
02/01/2013,0.02541
03/01/2013,-0.00209
04/01/2013,0.00487
07/01/2013,-0.00312
08/01/2013,-0.00325
09/01/2013,0.00266
10/01/2013,0.00760
11/01/2013,-0.00005
14/01/2013,-0.00093
15/01/2013,0.00113
16/01/2013,0.00020
17/01/2013,0.00564
18/01/2013,0.00340
22/01/2013,0.00443
23/01/2013,0.00151
24/01/2013,0.00001
25/01/2013,0.00545
28/01/2013,-0.00185
29/01/2013,0.00511
30/01/2013,-0.00390
31/01/2013,-0.00257
01/02/2013,0.01005
04/02/2013,-0.01154
05/02/2013,0.01041
06/02/2013,0.00055
07/02/2013,-0.00180
08/02/2013,0.00565
11/02/2013,-0.00060
12/02/2013,0.00159
13/02/2013,0.00060
14/02/2013,0.00069
15/02/2013,-0.00104
19/02/2013,0.00733
20/02/2013,-0.01240
21/02/2013,-0.00631
22/02/2013,0.00877
25/02/2013,-0.01831
26/02/2013,0.00611
27/02/2013,0.01272
28/02/2013,-0.00086
01/03/2013,0.00233
04/03/2013,0.00461
05/03/2013,0.00957
06/03/2013,0.00108
07/03/2013,0.00182
08/03/2013,0.00448
11/03/2013,0.00325
12/03/2013,-0.00241
13/03/2013,0.00131
14/03/2013,0.00561
15/03/2013,-0.00162
18/03/2013,-0.00551
19/03/2013,-0.00242
20/03/2013,0.00670
21/03/2013,-0.00828
22/03/2013,0.00717
25/03/2013,-0.00334
26/03/2013,0.00779
27/03/2013,-0.00059
28/03/2013,0.00405
01/04/2013,-0.00447
02/04/2013,0.00517
03/04/2013,-0.01055
04/04/2013,0.00405
05/04/2013,-0.00430
08/04/2013,0.00630
09/04/2013,0.00354
10/04/2013,0.01219
11/04/2013,0.00355
12/04/2013,-0.00283
15/04/2013,-0.02297
16/04/2013,0.01430
17/04/2013,-0.01432
18/04/2013,-0.00670
19/04/2013,0.00885
22/04/2013,0.00466
23/04/2013,0.01042
24/04/2013,0.00001
25/04/2013,0.00403
26/04/2013,-0.00184
29/04/2013,0.00719
30/04/2013,0.00248
01/05/2013,-0.00930
02/05/2013,0.00941
03/05/2013,0.01053
06/05/2013,0.00191
07/05/2013,0.00523
08/05/2013,0.00414
09/05/2013,-0.00369
10/05/2013,0.00432
13/05/2013,0.00004
14/05/2013,0.01014
15/05/2013,0.00512
16/05/2013,-0.00501
17/05/2013,0.01030
20/05/2013,-0.00071
21/05/2013,0.00172
22/05/2013,-0.00828
23/05/2013,-0.00292
24/05/2013,-0.00055
28/05/2013,0.00634
29/05/2013,-0.00705
30/05/2013,0.00367
31/05/2013,-0.01431
03/06/2013,0.00594
04/06/2013,-0.00551
05/06/2013,-0.01378
06/06/2013,0.00849
07/06/2013,0.01283
10/06/2013,-0.00034
11/06/2013,-0.01015
12/06/2013,-0.00837
13/06/2013,0.01478
14/06/2013,-0.00589
17/06/2013,0.00757
18/06/2013,0.00779
19/06/2013,-0.01385
20/06/2013,-0.02501
21/06/2013,0.00267
24/06/2013,-0.01214
25/06/2013,0.00949
26/06/2013,0.00959
27/06/2013,0.00620
28/06/2013,-0.00429
01/07/2013,0.00541
02/07/2013,-0.00054
03/07/2013,0.00082
05/07/2013,0.01020
08/07/2013,0.00525
09/07/2013,0.00723
10/07/2013,0.00018
11/07/2013,0.01356
12/07/2013,0.00309
15/07/2013,0.00137
16/07/2013,-0.00371
17/07/2013,0.00277
18/07/2013,0.00503
19/07/2013,0.00161
22/07/2013,0.00203
23/07/2013,-0.00185
24/07/2013,-0.00381
25/07/2013,0.00256
26/07/2013,0.00082
29/07/2013,-0.00373
30/07/2013,0.00037
31/07/2013,-0.00014
01/08/2013,0.01254
02/08/2013,0.00164
05/08/2013,-0.00148
06/08/2013,-0.00572
07/08/2013,-0.00380
08/08/2013,0.00389
09/08/2013,-0.00357
12/08/2013,-0.00115
13/08/2013,0.00278
14/08/2013,-0.00518
15/08/2013,-0.01428
16/08/2013,-0.00330
19/08/2013,-0.00590
20/08/2013,0.00382
21/08/2013,-0.00578
22/08/2013,0.00862
23/08/2013,0.00395
26/08/2013,-0.00404
27/08/2013,-0.01588
28/08/2013,0.00275
29/08/2013,0.00196
30/08/2013,-0.00317
03/09/2013,0.00416
04/09/2013,0.00811
05/09/2013,0.00121
06/09/2013,0.00005
09/09/2013,0.01000
10/09/2013,0.00734
11/09/2013,0.00305
12/09/2013,-0.00338
13/09/2013,0.00271
16/09/2013,0.00569
17/09/2013,0.00422
18/09/2013,0.01218
19/09/2013,-0.00184
20/09/2013,-0.00722
23/09/2013,-0.00472
24/09/2013,-0.00260
25/09/2013,-0.00274
26/09/2013,0.00349
27/09/2013,-0.00407
30/09/2013,-0.00603
01/10/2013,0.00800
02/10/2013,-0.00067
03/10/2013,-0.00898
04/10/2013,0.00706
07/10/2013,-0.00851
08/10/2013,-0.01233
09/10/2013,0.00057
10/10/2013,0.02183
11/10/2013,0.00628
14/10/2013,0.00408
15/10/2013,-0.00706
16/10/2013,0.01383
17/10/2013,0.00674
18/10/2013,0.00655
21/10/2013,0.00009
22/10/2013,0.00574
23/10/2013,-0.00473
24/10/2013,0.00326
25/10/2013,0.00439
28/10/2013,0.00133
29/10/2013,0.00558
30/10/2013,-0.00487
31/10/2013,-0.00384
01/11/2013,0.00290
04/11/2013,0.00357
05/11/2013,-0.00280
06/11/2013,0.00426
07/11/2013,-0.01318
08/11/2013,0.01342
11/11/2013,0.00073
12/11/2013,-0.00237
13/11/2013,0.00810
14/11/2013,0.00483
15/11/2013,0.00422
18/11/2013,-0.00370
19/11/2013,-0.00205
20/11/2013,-0.00363
21/11/2013,0.00813
22/11/2013,0.00496
25/11/2013,-0.00126
26/11/2013,0.00015
27/11/2013,0.00249
29/11/2013,-0.00079
02/12/2013,-0.00272
03/12/2013,-0.00319
04/12/2013,-0.00131
05/12/2013,-0.00434
06/12/2013,0.01124
09/12/2013,0.00181
10/12/2013,-0.00318
11/12/2013,-0.01131
12/12/2013,-0.00377
13/12/2013,-0.00010
16/12/2013,0.00632
17/12/2013,-0.00310
18/12/2013,0.01664
19/12/2013,-0.00058
20/12/2013,0.00482
23/12/2013,0.00532
24/12/2013,0.00292
26/12/2013,0.00474
27/12/2013,-0.00033
30/12/2013,-0.00018
31/12/2013,0.00396
02/01/2014,-0.00886
03/01/2014,-0.00034
06/01/2014,-0.00251
07/01/2014,0.00608
08/01/2014,-0.00021
09/01/2014,0.00034
10/01/2014,0.00231
13/01/2014,-0.01258
14/01/2014,0.01082
15/01/2014,0.00516
16/01/2014,-0.00135
17/01/2014,-0.00390
21/01/2014,0.00278
22/01/2014,0.00057
23/01/2014,-0.00889
24/01/2014,-0.02088
27/01/2014,-0.00487
28/01/2014,0.00614
29/01/2014,-0.01021
30/01/2014,0.01127
31/01/2014,-0.00647
03/02/2014,-0.02283
04/02/2014,0.00765
05/02/2014,-0.00203
06/02/2014,0.01244
07/02/2014,0.01330
10/02/2014,0.00157
11/02/2014,0.01106
12/02/2014,-0.00027
13/02/2014,0.00581
14/02/2014,0.00481
18/02/2014,0.00116
19/02/2014,-0.00652
20/02/2014,0.00603
21/02/2014,-0.00192
24/02/2014,0.00619
25/02/2014,-0.00135
26/02/2014,0.00002
27/02/2014,0.00495
28/02/2014,0.00278
03/03/2014,-0.00738
04/03/2014,0.01527
05/03/2014,-0.00005
06/03/2014,0.00172
07/03/2014,0.00054
10/03/2014,-0.00046
11/03/2014,-0.00509
12/03/2014,0.00030
13/03/2014,-0.01170
14/03/2014,-0.00282
17/03/2014,0.00961
18/03/2014,0.00722
19/03/2014,-0.00613
20/03/2014,0.00604
21/03/2014,-0.00293
24/03/2014,-0.00486
25/03/2014,0.00440
26/03/2014,-0.00700
27/03/2014,-0.00190
28/03/2014,0.00464
31/03/2014,0.00792
01/04/2014,0.00704
02/04/2014,0.00285
03/04/2014,-0.00113
04/04/2014,-0.01254
07/04/2014,-0.01075
08/04/2014,0.00375
09/04/2014,0.01092
10/04/2014,-0.02089
11/04/2014,-0.00949
14/04/2014,0.00822
15/04/2014,0.00676
16/04/2014,0.01049
17/04/2014,0.00136
21/04/2014,0.00377
22/04/2014,0.00409
23/04/2014,-0.00222
24/04/2014,0.00172
25/04/2014,-0.00810
28/04/2014,0.00323
29/04/2014,0.00476
30/04/2014,0.00299
01/05/2014,-0.00014
02/05/2014,-0.00135
05/05/2014,0.00187
06/05/2014,-0.00899
07/05/2014,0.00562
08/05/2014,-0.00137
09/05/2014,0.00152
12/05/2014,0.00968
13/05/2014,0.00042
14/05/2014,-0.00470
15/05/2014,-0.00936
16/05/2014,0.00375
19/05/2014,0.00385
20/05/2014,-0.00650
21/05/2014,0.00811
22/05/2014,0.00236
23/05/2014,0.00425
27/05/2014,0.00599
28/05/2014,-0.00111
29/05/2014,0.00536
30/05/2014,0.00185
02/06/2014,0.00072
03/06/2014,-0.00037
04/06/2014,0.00189
05/06/2014,0.00653
06/06/2014,0.00463
09/06/2014,0.00094
10/06/2014,-0.00025
11/06/2014,-0.00354
12/06/2014,-0.00709
13/06/2014,0.00313
16/06/2014,0.00084
17/06/2014,0.00217
18/06/2014,0.00772
19/06/2014,0.00128
20/06/2014,0.00173
23/06/2014,-0.00013
24/06/2014,-0.00643
25/06/2014,0.00490
26/06/2014,-0.00118
27/06/2014,0.00191
30/06/2014,-0.00037
01/07/2014,0.00668
02/07/2014,0.00066
03/07/2014,0.00548
07/07/2014,-0.00392
08/07/2014,-0.00705
09/07/2014,0.00465
10/07/2014,-0.00413
11/07/2014,0.00147
14/07/2014,0.00484
15/07/2014,-0.00193
16/07/2014,0.00420
17/07/2014,-0.01183
18/07/2014,0.01026
21/07/2014,-0.00232
22/07/2014,0.00502
23/07/2014,0.00175
24/07/2014,0.00049
25/07/2014,-0.00485
28/07/2014,0.00029
29/07/2014,-0.00453
30/07/2014,0.00006
31/07/2014,-0.02000
01/08/2014,-0.00286
04/08/2014,0.00719
05/08/2014,-0.00968
06/08/2014,0.00001
07/08/2014,-0.00555
08/08/2014,0.01153
11/08/2014,0.00276
12/08/2014,-0.00164
13/08/2014,0.00671
14/08/2014,0.00435
15/08/2014,-0.00006
18/08/2014,0.00853
19/08/2014,0.00500
20/08/2014,0.00248
21/08/2014,0.00295
22/08/2014,-0.00199
25/08/2014,0.00479
26/08/2014,0.00105
27/08/2014,0.00005
28/08/2014,-0.00169
29/08/2014,0.00332
02/09/2014,-0.00054
03/09/2014,-0.00078
04/09/2014,-0.00154
05/09/2014,0.00504
08/09/2014,-0.00307
09/09/2014,-0.00654
10/09/2014,0.00364
11/09/2014,0.00088
12/09/2014,-0.00596
15/09/2014,-0.00071
16/09/2014,0.00748
17/09/2014,0.00129
18/09/2014,0.00490
19/09/2014,-0.00048
22/09/2014,-0.00801
23/09/2014,-0.00578
24/09/2014,0.00784
25/09/2014,-0.01617
26/09/2014,0.00857
29/09/2014,-0.00254
30/09/2014,-0.00279
01/10/2014,-0.01325
02/10/2014,0.00000
03/10/2014,0.01117
06/10/2014,-0.00156
07/10/2014,-0.01513
08/10/2014,0.01746
09/10/2014,-0.02066
10/10/2014,-0.01145
13/10/2014,-0.01647
14/10/2014,0.00158
15/10/2014,-0.00810
16/10/2014,0.00015
17/10/2014,0.01288
20/10/2014,0.00914
21/10/2014,0.01958
22/10/2014,-0.00730
23/10/2014,0.01230
24/10/2014,0.00705
27/10/2014,-0.00150
28/10/2014,0.01194
29/10/2014,-0.00138
30/10/2014,0.00623
31/10/2014,0.01173
03/11/2014,-0.00012
04/11/2014,-0.00283
05/11/2014,0.00571
06/11/2014,0.00377
07/11/2014,0.00035
10/11/2014,0.00312
11/11/2014,0.00070
12/11/2014,-0.00070
13/11/2014,0.00053
14/11/2014,0.00024
17/11/2014,0.00074
18/11/2014,0.00513
19/11/2014,-0.00150
20/11/2014,0.00197
21/11/2014,0.00524
24/11/2014,0.00286
25/11/2014,-0.00115
26/11/2014,0.00280
28/11/2014,-0.00254
01/12/2014,-0.00683
02/12/2014,0.00638
03/12/2014,0.00377
04/12/2014,-0.00117
05/12/2014,0.00167
08/12/2014,-0.00726
09/12/2014,-0.00024
10/12/2014,-0.01635
11/12/2014,0.00453
12/12/2014,-0.01621
15/12/2014,-0.00634
16/12/2014,-0.00849
17/12/2014,0.02035
18/12/2014,0.02402
19/12/2014,0.00457
22/12/2014,0.00381
23/12/2014,0.00175
24/12/2014,-0.00014
26/12/2014,0.00331
29/12/2014,0.00087
30/12/2014,-0.00489
31/12/2014,-0.01031
02/01/2015,-0.00034
05/01/2015,-0.01828
06/01/2015,-0.00889
07/01/2015,0.01163
08/01/2015,0.01789
09/01/2015,-0.00841
12/01/2015,-0.00809
13/01/2015,-0.00258
14/01/2015,-0.00581
15/01/2015,-0.00925
16/01/2015,0.01342
20/01/2015,0.00155
21/01/2015,0.00473
22/01/2015,0.01527
23/01/2015,-0.00549
26/01/2015,0.00257
27/01/2015,-0.01339
28/01/2015,-0.01350
29/01/2015,0.00954
30/01/2015,-0.01299
02/02/2015,0.01296
03/02/2015,0.01444
04/02/2015,-0.00416
05/02/2015,0.01029
06/02/2015,-0.00342
09/02/2015,-0.00425
10/02/2015,0.01068
11/02/2015,-0.00003
12/02/2015,0.00965
13/02/2015,0.00407
17/02/2015,0.00160
18/02/2015,-0.00032
19/02/2015,-0.00106
20/02/2015,0.00613
23/02/2015,-0.00031
24/02/2015,0.00276
25/02/2015,-0.00077
26/02/2015,-0.00148
27/02/2015,-0.00296
02/03/2015,0.00612
03/03/2015,-0.00454
04/03/2015,-0.00439
05/03/2015,0.00120
06/03/2015,-0.01417
09/03/2015,0.00394
10/03/2015,-0.01696
11/03/2015,-0.00192
12/03/2015,0.01261
13/03/2015,-0.00608
16/03/2015,0.01354
17/03/2015,-0.00332
18/03/2015,0.01216
19/03/2015,-0.00487
20/03/2015,0.00901
23/03/2015,-0.00174
24/03/2015,-0.00614
25/03/2015,-0.01456
26/03/2015,-0.00238
27/03/2015,0.00237
30/03/2015,0.01223
31/03/2015,-0.00880
01/04/2015,-0.00396
02/04/2015,0.00353
06/04/2015,0.00661
07/04/2015,-0.00206
08/04/2015,0.00268
09/04/2015,0.00446
10/04/2015,0.00520
13/04/2015,-0.00458
14/04/2015,0.00163
15/04/2015,0.00515
16/04/2015,-0.00078
17/04/2015,-0.01131
20/04/2015,0.00924
21/04/2015,-0.00148
22/04/2015,0.00509
23/04/2015,0.00236
24/04/2015,0.00225
27/04/2015,-0.00414
28/04/2015,0.00277
29/04/2015,-0.00374
30/04/2015,-0.01013
01/05/2015,0.01092
04/05/2015,0.00294
05/05/2015,-0.01184
06/05/2015,-0.00446
07/05/2015,0.00377
08/05/2015,0.01346
11/05/2015,-0.00509
12/05/2015,-0.00295
13/05/2015,-0.00030
14/05/2015,0.01078
15/05/2015,0.00077
18/05/2015,0.00305
19/05/2015,-0.00065
20/05/2015,-0.00093
21/05/2015,0.00234
22/05/2015,-0.00223
26/05/2015,-0.01028
27/05/2015,0.00916
28/05/2015,-0.00126
29/05/2015,-0.00632
01/06/2015,0.00206
02/06/2015,-0.00101
03/06/2015,0.00212
04/06/2015,-0.00862
05/06/2015,-0.00144
08/06/2015,-0.00647
09/06/2015,0.00042
10/06/2015,0.01204
11/06/2015,0.00174
12/06/2015,-0.00699
15/06/2015,-0.00462
16/06/2015,0.00569
17/06/2015,0.00198
18/06/2015,0.00990
19/06/2015,-0.00530
22/06/2015,0.00609
23/06/2015,0.00064
24/06/2015,-0.00735
25/06/2015,-0.00297
26/06/2015,-0.00039
29/06/2015,-0.02086
30/06/2015,0.00266
01/07/2015,0.00694
02/07/2015,-0.00031
06/07/2015,-0.00386
07/07/2015,0.00608
08/07/2015,-0.01665
09/07/2015,0.00226
10/07/2015,0.01234
13/07/2015,0.01107
14/07/2015,0.00446
15/07/2015,-0.00074
16/07/2015,0.00801
17/07/2015,0.00111
20/07/2015,0.00077
21/07/2015,-0.00426
22/07/2015,-0.00239
23/07/2015,-0.00568
24/07/2015,-0.01070
27/07/2015,-0.00577
28/07/2015,0.01239
29/07/2015,0.00732
30/07/2015,0.00003
31/07/2015,-0.00227
03/08/2015,-0.00275
04/08/2015,-0.00225
05/08/2015,0.00311
06/08/2015,-0.00775
07/08/2015,-0.00287
10/08/2015,0.01281
11/08/2015,-0.00956
12/08/2015,0.00095
13/08/2015,-0.00127
14/08/2015,0.00391
17/08/2015,0.00521
18/08/2015,-0.00262
19/08/2015,-0.00825
20/08/2015,-0.02110
21/08/2015,-0.03185
24/08/2015,-0.03941
25/08/2015,-0.01352
26/08/2015,0.03903
27/08/2015,0.02430
28/08/2015,0.00061
31/08/2015,-0.00839
01/09/2015,-0.02958
02/09/2015,0.01829
03/09/2015,0.00116
04/09/2015,-0.01533
08/09/2015,0.02508
09/09/2015,-0.01390
10/09/2015,0.00528
11/09/2015,0.00449
14/09/2015,-0.00409
15/09/2015,0.01283
16/09/2015,0.00871
17/09/2015,-0.00256
18/09/2015,-0.01616
21/09/2015,0.00456
22/09/2015,-0.01232
23/09/2015,-0.00205
24/09/2015,-0.00336
25/09/2015,-0.00047
28/09/2015,-0.02567
29/09/2015,0.00123
30/09/2015,0.01908
01/10/2015,0.00198
02/10/2015,0.01432
05/10/2015,0.01829
06/10/2015,-0.00359
07/10/2015,0.00804
08/10/2015,0.00882
09/10/2015,0.00073
12/10/2015,0.00127
13/10/2015,-0.00682
14/10/2015,-0.00472
15/10/2015,0.01485
16/10/2015,0.00457
19/10/2015,0.00027
20/10/2015,-0.00142
21/10/2015,-0.00582
22/10/2015,0.01663
23/10/2015,0.01103
26/10/2015,-0.00191
27/10/2015,-0.00255
28/10/2015,0.01184
29/10/2015,-0.00045
30/10/2015,-0.00481
02/11/2015,0.01187
03/11/2015,0.00273
04/11/2015,-0.00354
05/11/2015,-0.00113
06/11/2015,-0.00035
09/11/2015,-0.00982
10/11/2015,0.00151
11/11/2015,-0.00323
12/11/2015,-0.01399
13/11/2015,-0.01121
16/11/2015,0.01490
17/11/2015,-0.00134
18/11/2015,0.01616
19/11/2015,-0.00112
20/11/2015,0.00381
23/11/2015,-0.00123
24/11/2015,0.00122
25/11/2015,-0.00013
27/11/2015,0.00059
30/11/2015,-0.00464
01/12/2015,0.01068
02/12/2015,-0.01100
03/12/2015,-0.01437
04/12/2015,0.02053
07/12/2015,-0.00699
08/12/2015,-0.00649
09/12/2015,-0.00774
10/12/2015,0.00225
11/12/2015,-0.01942
14/12/2015,0.00475
15/12/2015,0.01062
16/12/2015,0.01451
17/12/2015,-0.01504
18/12/2015,-0.01780
21/12/2015,0.00778
22/12/2015,0.00882
23/12/2015,0.01242
24/12/2015,-0.00160
28/12/2015,-0.00218
29/12/2015,0.01063
30/12/2015,-0.00722
31/12/2015,-0.00941
04/01/2016,-0.01530
05/01/2016,0.00201
06/01/2016,-0.01312
07/01/2016,-0.02370
08/01/2016,-0.01084
11/01/2016,0.00085
12/01/2016,0.00780
13/01/2016,-0.02497
14/01/2016,0.01669
15/01/2016,-0.02160
19/01/2016,0.00053
20/01/2016,-0.01170
21/01/2016,0.00519
22/01/2016,0.02029
25/01/2016,-0.01564
26/01/2016,0.01415
27/01/2016,-0.01087
28/01/2016,0.00553
29/01/2016,0.02476
01/02/2016,-0.00044
02/02/2016,-0.01874
03/02/2016,0.00499
04/02/2016,0.00152
05/02/2016,-0.01848
08/02/2016,-0.01416
09/02/2016,-0.00066
10/02/2016,-0.00019
11/02/2016,-0.01230
12/02/2016,0.01952
16/02/2016,0.01652
17/02/2016,0.01648
18/02/2016,-0.00467
19/02/2016,-0.00003
22/02/2016,0.01445
23/02/2016,-0.01246
24/02/2016,0.00444
25/02/2016,0.01135
26/02/2016,-0.00187
29/02/2016,-0.00812
01/03/2016,0.02387
02/03/2016,0.00410
03/03/2016,0.00350
04/03/2016,0.00330
07/03/2016,0.00089
08/03/2016,-0.01124
09/03/2016,0.00505
10/03/2016,0.00015
11/03/2016,0.01640
14/03/2016,-0.00126
15/03/2016,-0.00184
16/03/2016,0.00560
17/03/2016,0.00660
18/03/2016,0.00440
21/03/2016,0.00099
22/03/2016,-0.00088
23/03/2016,-0.00639
24/03/2016,-0.00038
28/03/2016,0.00055
29/03/2016,0.00882
30/03/2016,0.00435
31/03/2016,-0.00204
01/04/2016,0.00633
04/04/2016,-0.00321
05/04/2016,-0.01015
06/04/2016,0.01051
07/04/2016,-0.01198
08/04/2016,0.00278
11/04/2016,-0.00274
12/04/2016,0.00966
13/04/2016,0.01004
14/04/2016,0.00017
15/04/2016,-0.00098
18/04/2016,0.00654
19/04/2016,0.00308
20/04/2016,0.00076
21/04/2016,-0.00519
22/04/2016,0.00005
25/04/2016,-0.00181
26/04/2016,0.00187
27/04/2016,0.00165
28/04/2016,-0.00923
29/04/2016,-0.00507
02/05/2016,0.00781
03/05/2016,-0.00868
04/05/2016,-0.00593
05/05/2016,-0.00024
06/05/2016,0.00318
09/05/2016,0.00075
10/05/2016,0.01248
11/05/2016,-0.00956
12/05/2016,-0.00017
13/05/2016,-0.00848
16/05/2016,0.00979
17/05/2016,-0.00941
18/05/2016,0.00021
19/05/2016,-0.00371
20/05/2016,0.00602
23/05/2016,-0.00208
24/05/2016,0.01368
25/05/2016,0.00698
26/05/2016,-0.00021
27/05/2016,0.00429
31/05/2016,-0.00100
01/06/2016,0.00113
02/06/2016,0.00283
03/06/2016,-0.00291
06/06/2016,0.00490
07/06/2016,0.00129
08/06/2016,0.00331
09/06/2016,-0.00172
10/06/2016,-0.00917
13/06/2016,-0.00812
14/06/2016,-0.00180
15/06/2016,-0.00184
16/06/2016,0.00313
17/06/2016,-0.00326
20/06/2016,0.00581
21/06/2016,0.00271
22/06/2016,-0.00165
23/06/2016,0.01336
24/06/2016,-0.03592
27/06/2016,-0.01810
28/06/2016,0.01777
29/06/2016,0.01703
30/06/2016,0.01356
01/07/2016,0.00195
05/07/2016,-0.00685
06/07/2016,0.00536
07/07/2016,-0.00087
08/07/2016,0.01525
11/07/2016,0.00341
12/07/2016,0.00701
13/07/2016,0.00013
14/07/2016,0.00526
15/07/2016,-0.00093
18/07/2016,0.00238
19/07/2016,-0.00143
20/07/2016,0.00427
21/07/2016,-0.00361
22/07/2016,0.00455
25/07/2016,-0.00301
26/07/2016,0.00032
27/07/2016,-0.00120
28/07/2016,0.00160
29/07/2016,0.00163
01/08/2016,-0.00127
02/08/2016,-0.00636
03/08/2016,0.00314
04/08/2016,0.00021
05/08/2016,0.00860
08/08/2016,-0.00091
09/08/2016,0.00039
10/08/2016,-0.00286
11/08/2016,0.00474
12/08/2016,-0.00080
15/08/2016,0.00279
16/08/2016,-0.00548
17/08/2016,0.00187
18/08/2016,0.00220
19/08/2016,-0.00144
22/08/2016,-0.00056
23/08/2016,0.00195
24/08/2016,-0.00524
25/08/2016,-0.00137
26/08/2016,-0.00158
29/08/2016,0.00523
30/08/2016,-0.00195
31/08/2016,-0.00238
01/09/2016,-0.00004
02/09/2016,0.00420
06/09/2016,0.00298
07/09/2016,-0.00015
08/09/2016,-0.00222
09/09/2016,-0.02452
12/09/2016,0.01468
13/09/2016,-0.01483
14/09/2016,-0.00059
15/09/2016,0.01011
16/09/2016,-0.00377
19/09/2016,-0.00002
20/09/2016,0.00030
21/09/2016,0.01092
22/09/2016,0.00650
23/09/2016,-0.00574
26/09/2016,-0.00859
27/09/2016,0.00644
28/09/2016,0.00530
29/09/2016,-0.00932
30/09/2016,0.00797
03/10/2016,-0.00326
04/10/2016,-0.00495
05/10/2016,0.00430
06/10/2016,0.00048
07/10/2016,-0.00325
10/10/2016,0.00461
11/10/2016,-0.01245
12/10/2016,0.00115
13/10/2016,-0.00310
14/10/2016,0.00020
17/10/2016,-0.00304
18/10/2016,0.00616
19/10/2016,0.00219
20/10/2016,-0.00137
21/10/2016,-0.00008
24/10/2016,0.00475
25/10/2016,-0.00380
26/10/2016,-0.00174
27/10/2016,-0.00299
28/10/2016,-0.00311
31/10/2016,-0.00012
01/11/2016,-0.00679
02/11/2016,-0.00652
03/11/2016,-0.00442
04/11/2016,-0.00167
07/11/2016,0.02223
08/11/2016,0.00377
09/11/2016,0.01107
10/11/2016,0.00195
11/11/2016,-0.00140
14/11/2016,-0.00011
15/11/2016,0.00748
16/11/2016,-0.00158
17/11/2016,0.00468
18/11/2016,-0.00239
21/11/2016,0.00746
22/11/2016,0.00216
23/11/2016,0.00081
25/11/2016,0.00391
28/11/2016,-0.00525
29/11/2016,0.00134
30/11/2016,-0.00265
01/12/2016,-0.00351
02/12/2016,0.00040
05/12/2016,0.00582
06/12/2016,0.00341
07/12/2016,0.01316
08/12/2016,0.00216
09/12/2016,0.00594
12/12/2016,-0.00114
13/12/2016,0.00654
14/12/2016,-0.00812
15/12/2016,0.00388
16/12/2016,-0.00175
19/12/2016,0.00198
20/12/2016,0.00364
21/12/2016,-0.00246
22/12/2016,-0.00186
23/12/2016,0.00125
27/12/2016,0.00225
28/12/2016,-0.00835
29/12/2016,-0.00030
30/12/2016,-0.00464
03/01/2017,0.00849
04/01/2017,0.00572
05/01/2017,-0.00077
06/01/2017,0.00352
09/01/2017,-0.00355
10/01/2017,0.00000
11/01/2017,0.00283
12/01/2017,-0.00214
13/01/2017,0.00185
17/01/2017,-0.00297
18/01/2017,0.00176
19/01/2017,-0.00361
20/01/2017,0.00337
23/01/2017,-0.00269
24/01/2017,0.00657
25/01/2017,0.00802
26/01/2017,-0.00073
27/01/2017,-0.00087
30/01/2017,-0.00601
31/01/2017,-0.00089
01/02/2017,0.00030
02/02/2017,0.00057
03/02/2017,0.00726
06/02/2017,-0.00211
07/02/2017,0.00023
08/02/2017,0.00069
09/02/2017,0.00576
10/02/2017,0.00356
13/02/2017,0.00525
14/02/2017,0.00401
15/02/2017,0.00499
16/02/2017,-0.00086
17/02/2017,0.00168
21/02/2017,0.00605
22/02/2017,-0.00108
23/02/2017,0.00042
24/02/2017,0.00150
27/02/2017,0.00102
28/02/2017,-0.00258
01/03/2017,0.01367
02/03/2017,-0.00586
03/03/2017,0.00050
06/03/2017,-0.00328
07/03/2017,-0.00291
08/03/2017,-0.00229
09/03/2017,0.00080
10/03/2017,0.00327
13/03/2017,0.00037
14/03/2017,-0.00338
15/03/2017,0.00837
16/03/2017,-0.00163
17/03/2017,-0.00131
20/03/2017,-0.00201
21/03/2017,-0.01241
22/03/2017,0.00189
23/03/2017,-0.00106
24/03/2017,-0.00085
27/03/2017,-0.00102
28/03/2017,0.00725
29/03/2017,0.00109
30/03/2017,0.00293
31/03/2017,-0.00226
03/04/2017,-0.00164
04/04/2017,0.00056
05/04/2017,-0.00305
06/04/2017,0.00193
07/04/2017,-0.00082
10/04/2017,0.00069
11/04/2017,-0.00144
12/04/2017,-0.00376
13/04/2017,-0.00681
17/04/2017,0.00861
18/04/2017,-0.00290
19/04/2017,-0.00172
20/04/2017,0.00756
21/04/2017,-0.00303
24/04/2017,0.01084
25/04/2017,0.00609
26/04/2017,-0.00049
27/04/2017,0.00055
28/04/2017,-0.00191
01/05/2017,0.00173
02/05/2017,0.00119
03/05/2017,-0.00127
04/05/2017,0.00058
05/05/2017,0.00409
08/05/2017,0.00004
09/05/2017,-0.00102
10/05/2017,0.00113
11/05/2017,-0.00216
12/05/2017,-0.00148
15/05/2017,0.00478
16/05/2017,-0.00069
17/05/2017,-0.01818
18/05/2017,0.00369
19/05/2017,0.00676
22/05/2017,0.00516
23/05/2017,0.00184
24/05/2017,0.00249
25/05/2017,0.00444
26/05/2017,0.00031
30/05/2017,-0.00121
31/05/2017,-0.00046
01/06/2017,0.00757
02/06/2017,0.00371
05/06/2017,-0.00122
06/06/2017,-0.00278
07/06/2017,0.00157
08/06/2017,0.00027
09/06/2017,-0.00083
12/06/2017,-0.00098
13/06/2017,0.00451
14/06/2017,-0.00099
15/06/2017,-0.00224
16/06/2017,0.00028
19/06/2017,0.00835
20/06/2017,-0.00670
21/06/2017,-0.00058
22/06/2017,-0.00046
23/06/2017,0.00156
26/06/2017,0.00032
27/06/2017,-0.00807
28/06/2017,0.00881
29/06/2017,-0.00860
30/06/2017,0.00153
03/07/2017,0.00231
05/07/2017,0.00145
06/07/2017,-0.00937
07/07/2017,0.00640
10/07/2017,0.00093
11/07/2017,-0.00079
12/07/2017,0.00731
13/07/2017,0.00188
14/07/2017,0.00467
17/07/2017,-0.00005
18/07/2017,0.00060
19/07/2017,0.00537
20/07/2017,-0.00015
21/07/2017,-0.00037
24/07/2017,-0.00106
25/07/2017,0.00292
26/07/2017,0.00028
27/07/2017,-0.00097
28/07/2017,-0.00134
31/07/2017,-0.00073
01/08/2017,0.00245
02/08/2017,0.00049
03/08/2017,-0.00218
04/08/2017,0.00189
07/08/2017,0.00165
08/08/2017,-0.00242
09/08/2017,-0.00036
10/08/2017,-0.01447
11/08/2017,0.00128
14/08/2017,0.01004
15/08/2017,-0.00050
16/08/2017,0.00142
17/08/2017,-0.01544
18/08/2017,-0.00183
21/08/2017,0.00116
22/08/2017,0.00994
23/08/2017,-0.00345
24/08/2017,-0.00208
25/08/2017,0.00167
28/08/2017,0.00049
29/08/2017,0.00084
30/08/2017,0.00462
31/08/2017,0.00572
01/09/2017,0.00198
05/09/2017,-0.00755
06/09/2017,0.00313
07/09/2017,-0.00018
08/09/2017,-0.00149
11/09/2017,0.01084
12/09/2017,0.00337
13/09/2017,0.00076
14/09/2017,-0.00110
15/09/2017,0.00185
18/09/2017,0.00146
19/09/2017,0.00111
20/09/2017,0.00063
21/09/2017,-0.00304
22/09/2017,0.00065
25/09/2017,-0.00222
26/09/2017,0.00007
27/09/2017,0.00409
28/09/2017,0.00120
29/09/2017,0.00370
02/10/2017,0.00387
03/10/2017,0.00216
04/10/2017,0.00125
05/10/2017,0.00564
06/10/2017,-0.00107
09/10/2017,-0.00181
10/10/2017,0.00232
11/10/2017,0.00180
12/10/2017,-0.00169
13/10/2017,0.00088
16/10/2017,0.00175
17/10/2017,0.00067
18/10/2017,0.00075
19/10/2017,0.00033
20/10/2017,0.00511
23/10/2017,-0.00397
24/10/2017,0.00162
25/10/2017,-0.00466
26/10/2017,0.00127
27/10/2017,0.00807
30/10/2017,-0.00319
31/10/2017,0.00094
01/11/2017,0.00159
02/11/2017,0.00019
03/11/2017,0.00309
06/11/2017,0.00127
07/11/2017,-0.00019
08/11/2017,0.00144
09/11/2017,-0.00376
10/11/2017,-0.00090
13/11/2017,0.00099
14/11/2017,-0.00231
15/11/2017,-0.00553
16/11/2017,0.00820
17/11/2017,-0.00263
20/11/2017,0.00127
21/11/2017,0.00654
22/11/2017,-0.00075
24/11/2017,0.00206
27/11/2017,-0.00038
28/11/2017,0.00985
29/11/2017,-0.00037
30/11/2017,0.00819
01/12/2017,-0.00203
04/12/2017,-0.00105
05/12/2017,-0.00374
06/12/2017,-0.00012
07/12/2017,0.00293
08/12/2017,0.00551
11/12/2017,0.00320
12/12/2017,0.00155
13/12/2017,-0.00047
14/12/2017,-0.00407
15/12/2017,0.00897
18/12/2017,0.00536
19/12/2017,-0.00323
20/12/2017,-0.00083
21/12/2017,0.00199
22/12/2017,-0.00046
26/12/2017,-0.00106
27/12/2017,0.00079
28/12/2017,0.00183
29/12/2017,-0.00518
02/01/2018,0.00830
03/01/2018,0.00640
04/01/2018,0.00403
05/01/2018,0.00703
08/01/2018,0.00166
09/01/2018,0.00130
10/01/2018,-0.00111
11/01/2018,0.00703
12/01/2018,0.00675
16/01/2018,-0.00353
17/01/2018,0.00941
18/01/2018,-0.00161
19/01/2018,0.00439
22/01/2018,0.00807
23/01/2018,0.00217
24/01/2018,-0.00056
25/01/2018,0.00060
26/01/2018,0.01184
29/01/2018,-0.00673
30/01/2018,-0.01090
31/01/2018,0.00049
01/02/2018,-0.00065
02/02/2018,-0.02121
05/02/2018,-0.04098
06/02/2018,0.01744
07/02/2018,-0.00500
08/02/2018,-0.03754
09/02/2018,0.01493
12/02/2018,0.01392
13/02/2018,0.00261
14/02/2018,0.01340
15/02/2018,0.01207
16/02/2018,0.00037
20/02/2018,-0.00584
21/02/2018,-0.00550
22/02/2018,0.00097
23/02/2018,0.01603
26/02/2018,0.01176
27/02/2018,-0.01271
28/02/2018,-0.01110
01/03/2018,-0.01332
02/03/2018,0.00507
05/03/2018,0.01103
06/03/2018,0.00264
07/03/2018,-0.00048
08/03/2018,0.00446
09/03/2018,0.01738
12/03/2018,-0.00127
13/03/2018,-0.00636
14/03/2018,-0.00572
15/03/2018,-0.00078
16/03/2018,0.00170
19/03/2018,-0.01421
20/03/2018,0.00148
21/03/2018,-0.00185
22/03/2018,-0.02516
23/03/2018,-0.02097
26/03/2018,0.02716
27/03/2018,-0.01728
28/03/2018,-0.00292
29/03/2018,0.01377
02/04/2018,-0.02234
03/04/2018,0.01261
04/04/2018,0.01157
05/04/2018,0.00686
06/04/2018,-0.02192
09/04/2018,0.00334
10/04/2018,0.01673
11/04/2018,-0.00552
12/04/2018,0.00825
13/04/2018,-0.00289
16/04/2018,0.00811
17/04/2018,0.01066
18/04/2018,0.00083
19/04/2018,-0.00573
20/04/2018,-0.00853
23/04/2018,0.00006
24/04/2018,-0.01338
25/04/2018,0.00184
26/04/2018,0.01044
27/04/2018,0.00111
30/04/2018,-0.00819
01/05/2018,0.00255
02/05/2018,-0.00721
03/05/2018,-0.00225
04/05/2018,0.01281
07/05/2018,0.00346
08/05/2018,-0.00027
09/05/2018,0.00968
10/05/2018,0.00937
11/05/2018,0.00171
14/05/2018,0.00089
15/05/2018,-0.00684
16/05/2018,0.00406
17/05/2018,-0.00086
18/05/2018,-0.00263
21/05/2018,0.00739
22/05/2018,-0.00313
23/05/2018,0.00325
24/05/2018,-0.00202
25/05/2018,-0.00236
29/05/2018,-0.01156
30/05/2018,0.01270
31/05/2018,-0.00688
01/06/2018,0.01085
04/06/2018,0.00448
05/06/2018,0.00070
06/06/2018,0.00857
07/06/2018,-0.00071
08/06/2018,0.00312
11/06/2018,0.00107
12/06/2018,0.00174
13/06/2018,-0.00403
14/06/2018,0.00247
15/06/2018,-0.00102
18/06/2018,-0.00213
19/06/2018,-0.00402
20/06/2018,0.00171
21/06/2018,-0.00635
22/06/2018,0.00186
25/06/2018,-0.01372
26/06/2018,0.00220
27/06/2018,-0.00861
28/06/2018,0.00618
29/06/2018,0.00076
02/07/2018,0.00307
03/07/2018,-0.00495
05/07/2018,0.00862
06/07/2018,0.00848
09/07/2018,0.00882
10/07/2018,0.00347
11/07/2018,-0.00709
12/07/2018,0.00875
13/07/2018,0.00108
16/07/2018,-0.00103
17/07/2018,0.00397
18/07/2018,0.00216
19/07/2018,-0.00395
20/07/2018,-0.00095
23/07/2018,0.00184
24/07/2018,0.00478
25/07/2018,0.00910
26/07/2018,-0.00303
27/07/2018,-0.00656
30/07/2018,-0.00575
31/07/2018,0.00488
01/08/2018,-0.00104
02/08/2018,0.00492
03/08/2018,0.00465
06/08/2018,0.00354
07/08/2018,0.00283
08/08/2018,-0.00026
09/08/2018,-0.00144
10/08/2018,-0.00711
13/08/2018,-0.00401
14/08/2018,0.00639
15/08/2018,-0.00760
16/08/2018,0.00792
17/08/2018,0.00332
20/08/2018,0.00243
21/08/2018,0.00207
22/08/2018,-0.00040
23/08/2018,-0.00169
24/08/2018,0.00620
27/08/2018,0.00767
28/08/2018,0.00027
29/08/2018,0.00570
30/08/2018,-0.00443
31/08/2018,0.00013
04/09/2018,-0.00165
05/09/2018,-0.00280
06/09/2018,-0.00365
07/09/2018,-0.00221
10/09/2018,0.00190
11/09/2018,0.00374
12/09/2018,0.00035
13/09/2018,0.00528
14/09/2018,0.00027
17/09/2018,-0.00557
18/09/2018,0.00537
19/09/2018,0.00125
20/09/2018,0.00784
21/09/2018,-0.00037
24/09/2018,-0.00351
25/09/2018,-0.00130
26/09/2018,-0.00329
27/09/2018,0.00276
28/09/2018,-0.00001
01/10/2018,0.00364
02/10/2018,-0.00040
03/10/2018,0.00071
04/10/2018,-0.00817
05/10/2018,-0.00553
08/10/2018,-0.00039
09/10/2018,-0.00142
10/10/2018,-0.03287
11/10/2018,-0.02057
12/10/2018,0.01421
15/10/2018,-0.00591
16/10/2018,0.02150
17/10/2018,-0.00025
18/10/2018,-0.01439
19/10/2018,-0.00036
22/10/2018,-0.00430
23/10/2018,-0.00551
24/10/2018,-0.03086
25/10/2018,0.01862
26/10/2018,-0.01733
29/10/2018,-0.00656
30/10/2018,0.01567
31/10/2018,0.01085
01/11/2018,0.01056
02/11/2018,-0.00632
05/11/2018,0.00560
06/11/2018,0.00626
07/11/2018,0.02121
08/11/2018,-0.00251
09/11/2018,-0.00920
12/11/2018,-0.01970
13/11/2018,-0.00148
14/11/2018,-0.00757
15/11/2018,0.01060
16/11/2018,0.00222
19/11/2018,-0.01664
20/11/2018,-0.01815
21/11/2018,0.00304
23/11/2018,-0.00656
26/11/2018,0.01553
27/11/2018,0.00326
28/11/2018,0.02297
29/11/2018,-0.00220
30/11/2018,0.00819
03/12/2018,0.01094
04/12/2018,-0.03236
06/12/2018,-0.00153
07/12/2018,-0.02332
10/12/2018,0.00176
11/12/2018,-0.00036
12/12/2018,0.00542
13/12/2018,-0.00020
14/12/2018,-0.01908
17/12/2018,-0.02078
18/12/2018,0.00009
19/12/2018,-0.01540
20/12/2018,-0.01577
21/12/2018,-0.02059
24/12/2018,-0.02711
26/12/2018,0.04960
27/12/2018,0.00856
28/12/2018,-0.00124
31/12/2018,0.00849
02/01/2019,0.00127
03/01/2019,-0.02476
04/01/2019,0.03434
07/01/2019,0.00701
08/01/2019,0.00970
09/01/2019,0.00410
10/01/2019,0.00452
11/01/2019,-0.00015
14/01/2019,-0.00526
15/01/2019,0.01072
16/01/2019,0.00222
17/01/2019,0.00759
18/01/2019,0.01318
22/01/2019,-0.01416
23/01/2019,0.00220
24/01/2019,0.00138
25/01/2019,0.00849
28/01/2019,-0.00785
29/01/2019,-0.00145
30/01/2019,0.01555
31/01/2019,0.00860
01/02/2019,0.00090
04/02/2019,0.00677
05/02/2019,0.00471
06/02/2019,-0.00222
07/02/2019,-0.00936
08/02/2019,0.00067
11/02/2019,0.00071
12/02/2019,0.01289
13/02/2019,0.00302
14/02/2019,-0.00265
15/02/2019,0.01088
19/02/2019,0.00150
20/02/2019,0.00178
21/02/2019,-0.00353
22/02/2019,0.00641
25/02/2019,0.00123
26/02/2019,-0.00079
27/02/2019,-0.00054
28/02/2019,-0.00283
01/03/2019,0.00690
04/03/2019,-0.00388
05/03/2019,-0.00113
06/03/2019,-0.00653
07/03/2019,-0.00813
08/03/2019,-0.00213
11/03/2019,0.01467
12/03/2019,0.00296
13/03/2019,0.00695
14/03/2019,-0.00087
15/03/2019,0.00498
18/03/2019,0.00371
19/03/2019,-0.00013
20/03/2019,-0.00294
21/03/2019,0.01085
22/03/2019,-0.01897
25/03/2019,-0.00084
26/03/2019,0.00718
27/03/2019,-0.00464
28/03/2019,0.00359
29/03/2019,0.00674
01/04/2019,0.01157
02/04/2019,0.00001
03/04/2019,0.00215
04/04/2019,0.00209
05/04/2019,0.00464
08/04/2019,0.00105
09/04/2019,-0.00607
10/04/2019,0.00348
11/04/2019,0.00004
12/04/2019,0.00661
15/04/2019,-0.00063
16/04/2019,0.00051
17/04/2019,-0.00227
18/04/2019,0.00158
22/04/2019,0.00101
23/04/2019,0.00884
24/04/2019,-0.00219
25/04/2019,-0.00037
26/04/2019,0.00468
29/04/2019,0.00107
30/04/2019,0.00095
01/05/2019,-0.00750
02/05/2019,-0.00213
03/05/2019,0.00964
06/05/2019,-0.00447
07/05/2019,-0.01651
08/05/2019,-0.00161
09/05/2019,-0.00302
10/05/2019,0.00372
13/05/2019,-0.02413
14/05/2019,0.00802
15/05/2019,0.00584
16/05/2019,0.00889
17/05/2019,-0.00584
20/05/2019,-0.00675
21/05/2019,0.00849
22/05/2019,-0.00282
23/05/2019,-0.01192
24/05/2019,0.00135
28/05/2019,-0.00838
29/05/2019,-0.00691
30/05/2019,0.00210
31/05/2019,-0.01320
03/06/2019,-0.00277
04/06/2019,0.02143
05/06/2019,0.00816
06/06/2019,0.00614
07/06/2019,0.01050
10/06/2019,0.00466
11/06/2019,-0.00035
12/06/2019,-0.00204
13/06/2019,0.00410
14/06/2019,-0.00161
17/06/2019,0.00093
18/06/2019,0.00972
19/06/2019,0.00298
20/06/2019,0.00947
21/06/2019,-0.00126
24/06/2019,-0.00173
25/06/2019,-0.00949
26/06/2019,-0.00124
27/06/2019,0.00382
28/06/2019,0.00576
01/07/2019,0.00767
02/07/2019,0.00293
03/07/2019,0.00767
05/07/2019,-0.00181
08/07/2019,-0.00484
09/07/2019,0.00124
10/07/2019,0.00451
11/07/2019,0.00228
12/07/2019,0.00462
15/07/2019,0.00017
16/07/2019,-0.00340
17/07/2019,-0.00653
18/07/2019,0.00358
19/07/2019,-0.00618
22/07/2019,0.00283
23/07/2019,0.00685
24/07/2019,0.00469
25/07/2019,-0.00526
26/07/2019,0.00739
29/07/2019,-0.00162
30/07/2019,-0.00258
31/07/2019,-0.01089
01/08/2019,-0.00900
02/08/2019,-0.00728
05/08/2019,-0.02978
06/08/2019,0.01302
07/08/2019,0.00077
08/08/2019,0.01876
09/08/2019,-0.00662
12/08/2019,-0.01196
13/08/2019,0.01476
14/08/2019,-0.02929
15/08/2019,0.00246
16/08/2019,0.01443
19/08/2019,0.01211
20/08/2019,-0.00791
21/08/2019,0.00825
22/08/2019,-0.00051
23/08/2019,-0.02595
26/08/2019,0.01098
27/08/2019,-0.00321
28/08/2019,0.00655
29/08/2019,0.01269
30/08/2019,0.00064
03/09/2019,-0.00690
04/09/2019,0.01084
05/09/2019,0.01301
06/09/2019,0.00091
09/09/2019,-0.00009
10/09/2019,0.00032
11/09/2019,0.00723
12/09/2019,0.00288
13/09/2019,-0.00073
16/09/2019,-0.00313
17/09/2019,0.00258
18/09/2019,0.00034
19/09/2019,0.00002
20/09/2019,-0.00490
23/09/2019,-0.00010
24/09/2019,-0.00842
25/09/2019,0.00616
26/09/2019,-0.00243
27/09/2019,-0.00531
30/09/2019,0.00505
01/10/2019,-0.01226
02/10/2019,-0.01790
03/10/2019,0.00797
04/10/2019,0.01421
07/10/2019,-0.00448
08/10/2019,-0.01556
09/10/2019,0.00911
10/10/2019,0.00642
11/10/2019,0.01094
14/10/2019,-0.00139
15/10/2019,0.00996
16/10/2019,-0.00200
17/10/2019,0.00276
18/10/2019,-0.00392
21/10/2019,0.00687
22/10/2019,-0.00357
23/10/2019,0.00285
24/10/2019,0.00192
25/10/2019,0.00407
28/10/2019,0.00558
29/10/2019,-0.00083
30/10/2019,0.00325
31/10/2019,-0.00302
01/11/2019,0.00966
04/11/2019,0.00370
05/11/2019,-0.00119
06/11/2019,0.00070
07/11/2019,0.00273
08/11/2019,0.00256
11/11/2019,-0.00197
12/11/2019,0.00157
13/11/2019,0.00071
14/11/2019,0.00084
15/11/2019,0.00769
18/11/2019,0.00050
19/11/2019,-0.00059
20/11/2019,-0.00376
21/11/2019,-0.00158
22/11/2019,0.00218
25/11/2019,0.00751
26/11/2019,0.00219
27/11/2019,0.00417
29/11/2019,-0.00401
02/12/2019,-0.00863
03/12/2019,-0.00664
04/12/2019,0.00632
05/12/2019,0.00150
06/12/2019,0.00914
09/12/2019,-0.00316
10/12/2019,-0.00110
11/12/2019,0.00291
12/12/2019,0.00858
13/12/2019,0.00007
16/12/2019,0.00715
17/12/2019,0.00034
18/12/2019,-0.00043
19/12/2019,0.00446
20/12/2019,0.00495
23/12/2019,0.00086
24/12/2019,-0.00020
26/12/2019,0.00513
27/12/2019,0.00003
30/12/2019,-0.00578
31/12/2019,0.00295
02/01/2020,0.00838
03/01/2020,-0.00706
06/01/2020,0.00353
07/01/2020,-0.00280
08/01/2020,0.00490
09/01/2020,0.00666
10/01/2020,-0.00286
13/01/2020,0.00698
14/01/2020,-0.00151
15/01/2020,0.00187
16/01/2020,0.00836
17/01/2020,0.00386
21/01/2020,-0.00265
22/01/2020,0.00029
23/01/2020,0.00114
24/01/2020,-0.00904
27/01/2020,-0.01573
28/01/2020,0.01006
29/01/2020,-0.00087
30/01/2020,0.00313
31/01/2020,-0.01771
03/02/2020,0.00726
04/02/2020,0.01498
05/02/2020,0.01125
06/02/2020,0.00332
07/02/2020,-0.00540
10/02/2020,0.00733
11/02/2020,0.00169
12/02/2020,0.00646
13/02/2020,-0.00163
14/02/2020,0.00184
18/02/2020,-0.00292
19/02/2020,0.00471
20/02/2020,-0.00382
21/02/2020,-0.01052
24/02/2020,-0.03351
25/02/2020,-0.03028
26/02/2020,-0.00378
27/02/2020,-0.04416
28/02/2020,-0.00824
02/03/2020,0.04604
03/03/2020,-0.02811
04/03/2020,0.04220
05/03/2020,-0.03392
06/03/2020,-0.01705
09/03/2020,-0.07597
10/03/2020,0.04939
11/03/2020,-0.04887
12/03/2020,-0.09511
13/03/2020,0.09287
16/03/2020,-0.11984
17/03/2020,0.05995
18/03/2020,-0.05183
19/03/2020,0.00471
20/03/2020,-0.04336
23/03/2020,-0.02929
24/03/2020,0.09383
25/03/2020,0.01153
26/03/2020,0.06241
27/03/2020,-0.03369
30/03/2020,0.03351
31/03/2020,-0.01601
01/04/2020,-0.04414
02/04/2020,0.02283
03/04/2020,-0.01514
06/04/2020,0.07033
07/04/2020,-0.00160
08/04/2020,0.03406
09/04/2020,0.01449
13/04/2020,-0.01010
14/04/2020,0.03057
15/04/2020,-0.02203
16/04/2020,0.00582
17/04/2020,0.02679
20/04/2020,-0.01788
21/04/2020,-0.03067
22/04/2020,0.02293
23/04/2020,-0.00054
24/04/2020,0.01392
27/04/2020,0.01471
28/04/2020,-0.00524
29/04/2020,0.02658
30/04/2020,-0.00921
01/05/2020,-0.02806
04/05/2020,0.00425
05/05/2020,0.00904
06/05/2020,-0.00698
07/05/2020,0.01150
08/05/2020,0.01687
11/05/2020,0.00018
12/05/2020,-0.02055
13/05/2020,-0.01746
14/05/2020,0.01153
15/05/2020,0.00392
18/05/2020,0.03150
19/05/2020,-0.01048
20/05/2020,0.01665
21/05/2020,-0.00778
22/05/2020,0.00236
26/05/2020,0.01229
27/05/2020,0.01483
28/05/2020,-0.00211
29/05/2020,0.00481
01/06/2020,0.00375
02/06/2020,0.00821
03/06/2020,0.01365
04/06/2020,-0.00337
05/06/2020,0.02621
08/06/2020,0.01204
09/06/2020,-0.00780
10/06/2020,-0.00531
11/06/2020,-0.05894
12/06/2020,0.01306
15/06/2020,0.00831
16/06/2020,0.01896
17/06/2020,-0.00360
18/06/2020,0.00060
19/06/2020,-0.00565
22/06/2020,0.00649
23/06/2020,0.00431
24/06/2020,-0.02585
25/06/2020,0.01096
26/06/2020,-0.02423
29/06/2020,0.01468
30/06/2020,0.01541
01/07/2020,0.00502
02/07/2020,0.00454
06/07/2020,0.01588
07/07/2020,-0.01082
08/07/2020,0.00783
09/07/2020,-0.00565
10/07/2020,0.01047
13/07/2020,-0.00936
14/07/2020,0.01341
15/07/2020,0.00908
16/07/2020,-0.00340
17/07/2020,0.00285
20/07/2020,0.00841
21/07/2020,0.00168
22/07/2020,0.00575
23/07/2020,-0.01232
24/07/2020,-0.00619
27/07/2020,0.00739
28/07/2020,-0.00647
29/07/2020,0.01243
30/07/2020,-0.00375
31/07/2020,0.00767
03/08/2020,0.00718
04/08/2020,0.00361
05/08/2020,0.00643
06/08/2020,0.00643
07/08/2020,0.00064
10/08/2020,0.00274
11/08/2020,-0.00797
12/08/2020,0.01400
13/08/2020,-0.00205
14/08/2020,-0.00017
17/08/2020,0.00271
18/08/2020,0.00230
19/08/2020,-0.00440
20/08/2020,0.00316
21/08/2020,0.00344
24/08/2020,0.01004
25/08/2020,0.00360
26/08/2020,0.01020
27/08/2020,0.00167
28/08/2020,0.00673
31/08/2020,-0.00220
01/09/2020,0.00753
02/09/2020,0.01537
03/09/2020,-0.03513
04/09/2020,-0.00813
08/09/2020,-0.02776
09/09/2020,0.02014
10/09/2020,-0.01759
11/09/2020,0.00053
14/09/2020,0.01274
15/09/2020,0.00522
16/09/2020,-0.00462
17/09/2020,-0.00841
18/09/2020,-0.01118
21/09/2020,-0.01157
22/09/2020,0.01052
23/09/2020,-0.02372
24/09/2020,0.00299
25/09/2020,0.01598
28/09/2020,0.01611
29/09/2020,-0.00481
30/09/2020,0.00825
01/10/2020,0.00529
02/10/2020,-0.00957
05/10/2020,0.01797
06/10/2020,-0.01399
07/10/2020,0.01740
08/10/2020,0.00801
09/10/2020,0.00879
12/10/2020,0.01642
13/10/2020,-0.00631
14/10/2020,-0.00662
15/10/2020,-0.00153
16/10/2020,0.00013
19/10/2020,-0.01633
20/10/2020,0.00473
21/10/2020,-0.00220
22/10/2020,0.00522
23/10/2020,0.00344
26/10/2020,-0.01859
27/10/2020,-0.00302
28/10/2020,-0.03529
29/10/2020,0.01195
30/10/2020,-0.01213
02/11/2020,0.01232
03/11/2020,0.01780
04/11/2020,0.02205
05/11/2020,0.01946
06/11/2020,-0.00029
09/11/2020,0.01170
10/11/2020,-0.00140
11/11/2020,0.00765
12/11/2020,-0.00998
13/11/2020,0.01361
16/11/2020,0.01165
17/11/2020,-0.00479
18/11/2020,-0.01156
19/11/2020,0.00395
20/11/2020,-0.00679
23/11/2020,0.00563
24/11/2020,0.01616
25/11/2020,-0.00158
27/11/2020,0.00240
30/11/2020,-0.00460
01/12/2020,0.01127
02/12/2020,0.00179
03/12/2020,-0.00062
04/12/2020,0.00884
07/12/2020,-0.00194
08/12/2020,0.00279
09/12/2020,-0.00795
10/12/2020,-0.00128
11/12/2020,-0.00127
14/12/2020,-0.00436
15/12/2020,0.01292
16/12/2020,0.00177
17/12/2020,0.00576
18/12/2020,-0.00351
21/12/2020,-0.00391
22/12/2020,-0.00207
23/12/2020,0.00075
24/12/2020,0.00353
28/12/2020,0.00872
29/12/2020,-0.00223
30/12/2020,0.00134
31/12/2020,0.00644
04/01/2021,-0.01476
05/01/2021,0.00708
06/01/2021,0.00571
07/01/2021,0.01485
08/01/2021,0.00549
11/01/2021,-0.00656
12/01/2021,0.00042
13/01/2021,0.00228
14/01/2021,-0.00375
15/01/2021,-0.00719
19/01/2021,0.00814
20/01/2021,0.01394
21/01/2021,0.00032
22/01/2021,-0.00301
25/01/2021,0.00362
26/01/2021,-0.00149
27/01/2021,-0.02568
28/01/2021,0.00976
29/01/2021,-0.01931